{
		"files": [
			{
				"source":"files/Chrysanthemum.jpg",
				"type":"IMAGE",
				"size":"858"
			},
			{
				"source":"files/Desert.jpg",
				"type":"IMAGE",
				"size":"845"
			},
			{
				"source":"files/Hydrangeas.jpg",
				"type":"IMAGE",
				"size":"595"
			},
			{
				"source":"files/Koala.jpg",
				"type":"IMAGE",
				"size":"780"
			},
			{
				"source":"files/Lighthouse.jpg",
				"type":"IMAGE",
				"size":"561"
			},
			{
				"source":"files/Penguins.jpg",
				"type":"IMAGE",
				"size":"777"
			},
			{
				"source":"files/Tulips.jpg",
				"type":"IMAGE",
				"size":"620"
			}
		]
	}